{"cameraMode":{"drawMode":0,"name":"Shaded","section":"Shading Mode"},"sceneLighting":false,"audioPlay":false,"sceneViewState":{"showFog":true,"showMaterialUpdate":false,"showSkybox":false,"showFlares":true,"showImageEffects":true,"showParticleSystems":true},"in2DMode":false,"pivot":{"x":212.4206085205078,"y":9.266839981079102,"z":-283.7994689941406},"rotation":{"x":0.026037290692329408,"y":-0.9737626314163208,"z":0.14747513830661775,"w":0.17177700996398927},"size":25.72624969482422,"orthographic":false}