{"cameraMode":{"drawMode":0,"name":"Shaded","section":"Shading Mode"},"sceneLighting":true,"audioPlay":false,"sceneViewState":{"showFog":true,"showMaterialUpdate":false,"showSkybox":true,"showFlares":true,"showImageEffects":true,"showParticleSystems":true},"in2DMode":false,"pivot":{"x":-45.3715934753418,"y":96.9095458984375,"z":-90.6588134765625},"rotation":{"x":-0.6388950943946838,"y":-0.005350479856133461,"z":0.004373929928988218,"w":-0.7693892121315002},"size":1018.7523803710938,"orthographic":false}