{"cameraMode":{"drawMode":0,"name":"Shaded","section":"Shading Mode"},"sceneLighting":false,"audioPlay":false,"sceneViewState":{"showFog":true,"showMaterialUpdate":false,"showSkybox":false,"showFlares":true,"showImageEffects":true,"showParticleSystems":true},"in2DMode":false,"pivot":{"x":227.24000549316407,"y":1.7200000286102296,"z":-323.54998779296877},"rotation":{"x":-0.3142552673816681,"y":-0.12988519668579102,"z":0.043519552797079089,"w":-0.9394736886024475},"size":0.5716000199317932,"orthographic":false}